{"cameraMode":{"drawMode":0,"name":"Shaded","section":"Shading Mode"},"sceneLighting":true,"audioPlay":false,"sceneViewState":{"showFog":true,"showMaterialUpdate":true,"showSkybox":true,"showFlares":true,"showImageEffects":true,"showParticleSystems":true},"in2DMode":false,"pivot":{"x":-22.462495803833009,"y":-0.637115478515625,"z":10.957123756408692},"rotation":{"x":-0.08180306106805802,"y":0.8185492157936096,"z":-0.11954518407583237,"w":-0.5559683442115784},"size":16.94874382019043,"orthographic":false}