{"cameraMode":{"drawMode":0,"name":"Shaded","section":"Shading Mode"},"sceneLighting":false,"audioPlay":false,"sceneViewState":{"showFog":true,"showMaterialUpdate":true,"showSkybox":false,"showFlares":true,"showImageEffects":true,"showParticleSystems":true},"in2DMode":false,"pivot":{"x":3.3396687507629396,"y":0.9969369769096375,"z":4.565232276916504},"rotation":{"x":-0.3126037120819092,"y":0.09240896999835968,"z":-0.030588975176215173,"w":-0.9449015855789185},"size":3.4816458225250246,"orthographic":false}